{
    "providers": [
        {
            "type": "bitmap",
            "file": "minecraft:logo/server/tehrion_de_logo.png",
            "ascent": 66,
            "height": 106,
            "chars": ["㍿"]
        },
        {
            "type": "bitmap",
            "file": "minecraft:logo/games/rion.png",
            "ascent": 8,
            "height": 8,
            "chars": ["\uE843"]
        },
        {
            "type": "bitmap",
            "file": "minecraft:ranks/team/inhaber.png",
            "ascent": 8,
            "height": 8,
            "chars": ["\uE812"]
        },
        {
            "type": "bitmap",
            "file": "minecraft:ranks/team/admin.png",
            "ascent": 8,
            "height": 8,
            "chars": ["\uE801"]
        },
        {
            "type": "bitmap",
            "file": "minecraft:ranks/team/manager.png",
            "ascent": 7,
            "height": 9,
            "chars": ["\uE811"]
        },
        {
            "type": "bitmap",
            "file": "minecraft:ranks/team/developer.png",
            "ascent": 8,
            "height": 8,
            "chars": ["\uE803"]
        },
        {
            "type": "bitmap",
            "file": "minecraft:ranks/team/test-developer.png",
            "ascent": 8,
            "height": 8,
            "chars": ["\uE80E"]
        },
        {
            "type": "bitmap",
            "file": "minecraft:ranks/team/moderator.png",
            "ascent": 8,
            "height": 8,
            "chars": ["\uE80C"]
        },
        {
            "type": "bitmap",
            "file": "minecraft:ranks/team/supporter.png",
            "ascent": 8,
            "height": 8,
            "chars": ["\uE81D"]
        },
        {
            "type": "bitmap",
            "file": "minecraft:ranks/team/test-supporter.png",
            "ascent": 8,
            "height": 8,
            "chars": ["\uE80A"]
        },
        {
            "type": "bitmap",
            "file": "minecraft:ranks/team/builder.png",
            "ascent": 8,
            "height": 8,
            "chars": ["\uE829"]
        },
        {
            "type": "bitmap",
            "file": "minecraft:ranks/team/test-builder.png",
            "ascent": 8,
            "height": 8,
            "chars": ["\uE818"]
        },

        {
            "type": "bitmap",
            "file": "minecraft:ranks/spieler/youtuber.png",
            "ascent": 8,
            "height": 8,
            "chars": ["\uE80D"]
        },
        {
            "type": "bitmap",
            "file": "minecraft:ranks/spieler/spieler.png",
            "ascent": 8,
            "height": 8,
            "chars": ["\uE817"]
        }
    ]
}
